{
    "__comment": "This model was created with freundTech's Blender2Minecraft converter (BETA)",	"ambientocclusion": true,
    "elements": [
        {   "__comment": "Blade",
            "from": [ 7.25, 8, 7.25 ],
            "to": [ 8.75, 28.0, 8.75 ],
            "faces": {
                "west": { "uv": [ 0.0, 0.0, 16.0, 16.0 ], "texture": "#blade", "rotation": 180 },
                "north": { "uv": [ 0.0, 0.0, 16.0, 16.0 ], "texture": "#blade", "rotation": 180 },
                "east": { "uv": [ 0.0, 0.0, 16.0, 16.0 ], "texture": "#blade", "rotation": 180 },
                "south": { "uv": [ 0.0, 0.0, 16.0, 16.0 ], "texture": "#blade", "rotation": 180 },
                "down": { "uv": [ 0.0, 0.0, 8.0, 8.0 ], "texture": "#blade", "rotation": 0 },
                "up": { "uv": [ 0.0, 8.0, 8.0, 16.0 ], "texture": "#blade", "rotation": 0 }
            }
        },
        {   "__comment": "Hilt",
            "from": [ 7.0, 0.0, 7.0 ],
            "to": [ 9.0, 8, 9.0 ],
            "faces": {
                "west": { "uv": [ 0.0, 0.0, 16.0, 16.0 ], "texture": "#hilt", "rotation": 180 },
                "north": { "uv": [ 0.0, 0.0, 16.0, 16.0 ], "texture": "#hilt", "rotation": 180 },
                "east": { "uv": [ 0.0, 0.0, 16.0, 16.0 ], "texture": "#hilt", "rotation": 180 },
                "south": { "uv": [ 0.0, 0.0, 16.0, 16.0 ], "texture": "#hilt", "rotation": 180 },
                "down": { "uv": [ 0.0, 0.0, 16.0, 16.0 ], "texture": "#hilt", "rotation": 90 },
                "up": { "uv": [ 0.0, 0.0, 16.0, 16.0 ], "texture": "#hilt", "rotation": 270 }
            }
        }
    ],
    "display": {
        "firstperson": {
            "rotation": [20, 25, 0],
            "translation": [0, 1, 0],
            "scale": [ 1.4, 1.4, 1.4 ]
        },
        "thirdperson": {
            "rotation": [270,0,0],
            "translation": [0, 0.5, -3],
            "scale": [ 1.0, 1.0, 1.0 ]
        },
        "gui": {
            "rotation": [-40, 45, 0],
            "translation": [3.5, -0.5, 0],
            "scale": [1.3, 1.3, 1.3]
        }
    }
}